Date,Time,GameRound,GameNumber,HomeTeam,AwayTeam,HomeTeamScore,AwayTeamScore,Stadium,GameCity,GameLink,HomeTeamPoints,AwayTeamPoints
09/04/2022,16:30,Rodada 1,2,Fluminense,Santos,0,0,Maracanã,Rio de Janeiro,https://www.cbf.com.br/futebol-brasileiro/competicoes/campeonato-brasileiro-serie-a/2022/2?ref=botao,1,1
09/04/2022,19:00,Rodada 1,8,Atlético-GO,Flamengo,1,1,Antônio Accioly,Goiania,https://www.cbf.com.br/futebol-brasileiro/competicoes/campeonato-brasileiro-serie-a/2022/8?ref=botao,1,1
09/04/2022,21:00,Rodada 1,4,Palmeiras,Ceará,2,3,Allianz Parque,Sao Paulo,https://www.cbf.com.br/futebol-brasileiro/competicoes/campeonato-brasileiro-serie-a/2022/4?ref=botao,0,3
10/04/2022,11:00,Rodada 1,10,Coritiba,Goiás,3,0,Couto Pereira,Curitiba,https://www.cbf.com.br/futebol-brasileiro/competicoes/campeonato-brasileiro-serie-a/2022/10?ref=botao,3,0
10/04/2022,16:00,Rodada 1,1,Atlético Mineiro,Internacional,2,0,Mineirão,Belo Horizonte,https://www.cbf.com.br/futebol-brasileiro/competicoes/campeonato-brasileiro-serie-a/2022/1?ref=botao,3,0
10/04/2022,16:00,Rodada 1,5,Botafogo,Corinthians,1,3,Nilton Santos,Rio de Janeiro,https://www.cbf.com.br/futebol-brasileiro/competicoes/campeonato-brasileiro-serie-a/2022/5?ref=botao,0,3
10/04/2022,18:00,Rodada 1,7,Fortaleza,Cuiabá,0,1,Arena Castelão,Fortaleza,https://www.cbf.com.br/futebol-brasileiro/competicoes/campeonato-brasileiro-serie-a/2022/7?ref=botao,0,3
10/04/2022,19:00,Rodada 1,9,Avaí,América-MG,1,0,Ressacada,Florianopolis,https://www.cbf.com.br/futebol-brasileiro/competicoes/campeonato-brasileiro-serie-a/2022/9?ref=botao,3,0
10/04/2022,19:00,Rodada 1,3,São Paulo,Athletico Paranaense,4,0,Morumbi,Sao Paulo,https://www.cbf.com.br/futebol-brasileiro/competicoes/campeonato-brasileiro-serie-a/2022/3?ref=botao,3,0
11/04/2022,20:00,Rodada 1,6,Juventude,Red Bull Bragantino,2,2,Alfredo Jaconi,Caxias do Sul,https://www.cbf.com.br/futebol-brasileiro/competicoes/campeonato-brasileiro-serie-a/2022/6?ref=botao,1,1
16/04/2022,16:30,Rodada 2,18,Goiás,Palmeiras,1,1,Hailé Pinheiro,Goiania,https://www.cbf.com.br/futebol-brasileiro/competicoes/campeonato-brasileiro-serie-a/2022/18?ref=botao,1,1
16/04/2022,19:00,Rodada 2,11,América-MG,Juventude,4,1,Independência,Belo Horizonte,https://www.cbf.com.br/futebol-brasileiro/competicoes/campeonato-brasileiro-serie-a/2022/11?ref=botao,3,0
16/04/2022,19:00,Rodada 2,14,Corinthians,Avaí,3,0,Neo Química Arena,Sao Paulo,https://www.cbf.com.br/futebol-brasileiro/competicoes/campeonato-brasileiro-serie-a/2022/14?ref=botao,3,0
16/04/2022,21:00,Rodada 2,19,Cuiabá,Fluminense,0,1,Arena Pantanal,Cuiaba,https://www.cbf.com.br/futebol-brasileiro/competicoes/campeonato-brasileiro-serie-a/2022/19?ref=botao,0,3
17/04/2022,11:00,Rodada 2,15,Santos,Coritiba,2,1,Vila Belmiro,Santos,https://www.cbf.com.br/futebol-brasileiro/competicoes/campeonato-brasileiro-serie-a/2022/15?ref=botao,3,0
17/04/2022,16:00,Rodada 2,12,Flamengo,São Paulo,3,1,Maracanã,Rio de Janeiro,https://www.cbf.com.br/futebol-brasileiro/competicoes/campeonato-brasileiro-serie-a/2022/12?ref=botao,3,0
17/04/2022,18:00,Rodada 2,16,Internacional,Fortaleza,2,1,Beira-Rio,Porto Alegre,https://www.cbf.com.br/futebol-brasileiro/competicoes/campeonato-brasileiro-serie-a/2022/16?ref=botao,3,0
17/04/2022,18:00,Rodada 2,13,Red Bull Bragantino,Atlético-GO,4,0,Nabi Abi Chedid,Braganca Paulista,https://www.cbf.com.br/futebol-brasileiro/competicoes/campeonato-brasileiro-serie-a/2022/13?ref=botao,3,0
17/04/2022,18:00,Rodada 2,20,Athletico Paranaense,Atlético Mineiro,0,1,Arena da Baixada,Curitiba,https://www.cbf.com.br/futebol-brasileiro/competicoes/campeonato-brasileiro-serie-a/2022/20?ref=botao,0,3
17/04/2022,19:00,Rodada 2,17,Ceará,Botafogo,1,3,Arena Castelão,Fortaleza,https://www.cbf.com.br/futebol-brasileiro/competicoes/campeonato-brasileiro-serie-a/2022/17?ref=botao,0,3
23/04/2022,16:30,Rodada 3,30,Athletico Paranaense,Flamengo,1,0,Arena da Baixada,Curitiba,https://www.cbf.com.br/futebol-brasileiro/competicoes/campeonato-brasileiro-serie-a/2022/30?ref=botao,3,0
23/04/2022,16:30,Rodada 3,23,Red Bull Bragantino,São Paulo,1,1,Nabi Abi Chedid,Braganca Paulista,https://www.cbf.com.br/futebol-brasileiro/competicoes/campeonato-brasileiro-serie-a/2022/23?ref=botao,1,1
23/04/2022,19:00,Rodada 3,24,Palmeiras,Corinthians,3,0,Arena Barueri,Barueri,https://www.cbf.com.br/futebol-brasileiro/competicoes/campeonato-brasileiro-serie-a/2022/24?ref=botao,3,0
23/04/2022,19:00,Rodada 3,22,Fluminense,Internacional,0,1,Maracanã,Rio de Janeiro,https://www.cbf.com.br/futebol-brasileiro/competicoes/campeonato-brasileiro-serie-a/2022/22?ref=botao,0,3
23/04/2022,21:00,Rodada 3,21,Atlético Mineiro,Coritiba,2,2,Independência,Belo Horizonte,https://www.cbf.com.br/futebol-brasileiro/competicoes/campeonato-brasileiro-serie-a/2022/21?ref=botao,1,1
24/04/2022,16:00,Rodada 3,25,Santos,América-MG,3,0,Vila Belmiro,Santos,https://www.cbf.com.br/futebol-brasileiro/competicoes/campeonato-brasileiro-serie-a/2022/25?ref=botao,3,0
24/04/2022,18:00,Rodada 3,26,Juventude,Cuiabá,0,1,Alfredo Jaconi,Caxias do Sul,https://www.cbf.com.br/futebol-brasileiro/competicoes/campeonato-brasileiro-serie-a/2022/26?ref=botao,0,3
24/04/2022,18:30,Rodada 3,28,Atlético-GO,Botafogo,1,1,Antônio Accioly,Goiania,https://www.cbf.com.br/futebol-brasileiro/competicoes/campeonato-brasileiro-serie-a/2022/28?ref=botao,1,1
25/04/2022,20:00,Rodada 3,29,Avaí,Goiás,3,2,Ressacada,Florianopolis,https://www.cbf.com.br/futebol-brasileiro/competicoes/campeonato-brasileiro-serie-a/2022/29?ref=botao,3,0
01/06/2022,20:30,Rodada 3,27,Fortaleza,Ceará,0,1,Arena Castelão,Fortaleza,https://www.cbf.com.br/futebol-brasileiro/competicoes/campeonato-brasileiro-serie-a/2022/27?ref=botao,0,3
20/04/2022,19:30,Rodada 4,32,Flamengo,Palmeiras,0,0,Maracanã,Rio de Janeiro,https://www.cbf.com.br/futebol-brasileiro/competicoes/campeonato-brasileiro-serie-a/2022/32?ref=botao,1,1
30/04/2022,16:30,Rodada 4,37,Ceará,Red Bull Bragantino,0,1,Arena Castelão,Fortaleza,https://www.cbf.com.br/futebol-brasileiro/competicoes/campeonato-brasileiro-serie-a/2022/37?ref=botao,0,3
30/04/2022,16:30,Rodada 4,31,América-MG,Athletico Paranaense,1,0,Independência,Belo Horizonte,https://www.cbf.com.br/futebol-brasileiro/competicoes/campeonato-brasileiro-serie-a/2022/31?ref=botao,3,0
30/04/2022,18:30,Rodada 4,38,Goiás,Atlético Mineiro,2,2,Hailé Pinheiro,Goiania,https://www.cbf.com.br/futebol-brasileiro/competicoes/campeonato-brasileiro-serie-a/2022/38?ref=botao,1,1
30/04/2022,19:00,Rodada 4,39,Cuiabá,Atlético-GO,1,1,Arena Pantanal,Cuiaba,https://www.cbf.com.br/futebol-brasileiro/competicoes/campeonato-brasileiro-serie-a/2022/39?ref=botao,1,1
01/05/2022,11:00,Rodada 4,35,Botafogo,Juventude,1,1,Nilton Santos,Rio de Janeiro,https://www.cbf.com.br/futebol-brasileiro/competicoes/campeonato-brasileiro-serie-a/2022/35?ref=botao,1,1
01/05/2022,16:00,Rodada 4,34,Corinthians,Fortaleza,1,0,Neo Química Arena,Sao Paulo,https://www.cbf.com.br/futebol-brasileiro/competicoes/campeonato-brasileiro-serie-a/2022/34?ref=botao,3,0
01/05/2022,16:00,Rodada 4,40,Coritiba,Fluminense,3,2,Couto Pereira,Curitiba,https://www.cbf.com.br/futebol-brasileiro/competicoes/campeonato-brasileiro-serie-a/2022/40?ref=botao,3,0
01/05/2022,19:00,Rodada 4,36,Internacional,Avaí,0,0,Beira-Rio,Porto Alegre,https://www.cbf.com.br/futebol-brasileiro/competicoes/campeonato-brasileiro-serie-a/2022/36?ref=botao,1,1
02/05/2022,20:00,Rodada 4,33,São Paulo,Santos,2,1,Morumbi,Sao Paulo,https://www.cbf.com.br/futebol-brasileiro/competicoes/campeonato-brasileiro-serie-a/2022/33?ref=botao,3,0
07/05/2022,16:30,Rodada 5,41,Atlético Mineiro,América-MG,1,2,Independência,Belo Horizonte,https://www.cbf.com.br/futebol-brasileiro/competicoes/campeonato-brasileiro-serie-a/2022/41?ref=botao,0,3
07/05/2022,20:30,Rodada 5,50,Athletico Paranaense,Ceará,1,0,Arena da Baixada,Curitiba,https://www.cbf.com.br/futebol-brasileiro/competicoes/campeonato-brasileiro-serie-a/2022/50?ref=botao,3,0
08/05/2022,11:00,Rodada 5,42,Flamengo,Botafogo,0,1,Mané Garrincha,Brasilia,https://www.cbf.com.br/futebol-brasileiro/competicoes/campeonato-brasileiro-serie-a/2022/42?ref=botao,0,3
08/05/2022,16:00,Rodada 5,48,Atlético-GO,Goiás,0,1,Antônio Accioly,Goiania,https://www.cbf.com.br/futebol-brasileiro/competicoes/campeonato-brasileiro-serie-a/2022/48?ref=botao,0,3
08/05/2022,16:00,Rodada 5,44,Palmeiras,Fluminense,1,1,Allianz Parque,Sao Paulo,https://www.cbf.com.br/futebol-brasileiro/competicoes/campeonato-brasileiro-serie-a/2022/44?ref=botao,1,1
08/05/2022,18:00,Rodada 5,43,Red Bull Bragantino,Corinthians,0,1,Nabi Abi Chedid,Braganca Paulista,https://www.cbf.com.br/futebol-brasileiro/competicoes/campeonato-brasileiro-serie-a/2022/43?ref=botao,0,3
08/05/2022,18:00,Rodada 5,45,Santos,Cuiabá,4,1,Vila Belmiro,Santos,https://www.cbf.com.br/futebol-brasileiro/competicoes/campeonato-brasileiro-serie-a/2022/45?ref=botao,3,0
08/05/2022,19:00,Rodada 5,46,Juventude,Internacional,1,1,Alfredo Jaconi,Caxias do Sul,https://www.cbf.com.br/futebol-brasileiro/competicoes/campeonato-brasileiro-serie-a/2022/46?ref=botao,1,1
08/05/2022,19:00,Rodada 5,47,Fortaleza,São Paulo,1,1,Arena Castelão,Fortaleza,https://www.cbf.com.br/futebol-brasileiro/competicoes/campeonato-brasileiro-serie-a/2022/47?ref=botao,1,1
09/05/2022,20:00,Rodada 5,49,Avaí,Coritiba,2,1,Ressacada,Florianopolis,https://www.cbf.com.br/futebol-brasileiro/competicoes/campeonato-brasileiro-serie-a/2022/49?ref=botao,3,0
14/05/2022,16:30,Rodada 6,54,Palmeiras,Red Bull Bragantino,2,0,Allianz Parque,Sao Paulo,https://www.cbf.com.br/futebol-brasileiro/competicoes/campeonato-brasileiro-serie-a/2022/54?ref=botao,3,0
14/05/2022,16:30,Rodada 6,57,Ceará,Flamengo,2,2,Arena Castelão,Fortaleza,https://www.cbf.com.br/futebol-brasileiro/competicoes/campeonato-brasileiro-serie-a/2022/57?ref=botao,1,1
14/05/2022,19:00,Rodada 6,56,Internacional,Corinthians,2,2,Beira-Rio,Porto Alegre,https://www.cbf.com.br/futebol-brasileiro/competicoes/campeonato-brasileiro-serie-a/2022/56?ref=botao,1,1
14/05/2022,19:00,Rodada 6,51,Atlético Mineiro,Atlético-GO,2,0,Independência,Belo Horizonte,https://www.cbf.com.br/futebol-brasileiro/competicoes/campeonato-brasileiro-serie-a/2022/51?ref=botao,3,0
14/05/2022,21:00,Rodada 6,52,Fluminense,Athletico Paranaense,2,1,Raulino de Oliveira,Volta Redonda,https://www.cbf.com.br/futebol-brasileiro/competicoes/campeonato-brasileiro-serie-a/2022/52?ref=botao,3,0
15/05/2022,16:00,Rodada 6,53,São Paulo,Cuiabá,2,1,Morumbi,Sao Paulo,https://www.cbf.com.br/futebol-brasileiro/competicoes/campeonato-brasileiro-serie-a/2022/53?ref=botao,3,0
15/05/2022,17:30,Rodada 6,60,Coritiba,América-MG,1,0,Couto Pereira,Curitiba,https://www.cbf.com.br/futebol-brasileiro/competicoes/campeonato-brasileiro-serie-a/2022/60?ref=botao,3,0
15/05/2022,18:00,Rodada 6,55,Botafogo,Fortaleza,3,1,Nilton Santos,Rio de Janeiro,https://www.cbf.com.br/futebol-brasileiro/competicoes/campeonato-brasileiro-serie-a/2022/55?ref=botao,3,0
15/05/2022,18:00,Rodada 6,59,Avaí,Juventude,1,2,Ressacada,Florianopolis,https://www.cbf.com.br/futebol-brasileiro/competicoes/campeonato-brasileiro-serie-a/2022/59?ref=botao,0,3
15/05/2022,19:00,Rodada 6,58,Goiás,Santos,1,0,Hailé Pinheiro,Goiania,https://www.cbf.com.br/futebol-brasileiro/competicoes/campeonato-brasileiro-serie-a/2022/58?ref=botao,3,0
11/05/2022,20:30,Rodada 7,63,Red Bull Bragantino,Atlético Mineiro,1,1,Nabi Abi Chedid,Braganca Paulista,https://www.cbf.com.br/futebol-brasileiro/competicoes/campeonato-brasileiro-serie-a/2022/63?ref=botao,1,1
21/05/2022,16:30,Rodada 7,68,Atlético-GO,Coritiba,2,0,Antônio Accioly,Goiania,https://www.cbf.com.br/futebol-brasileiro/competicoes/campeonato-brasileiro-serie-a/2022/68?ref=botao,3,0
21/05/2022,16:30,Rodada 7,62,Flamengo,Goiás,1,0,Maracanã,Rio de Janeiro,https://www.cbf.com.br/futebol-brasileiro/competicoes/campeonato-brasileiro-serie-a/2022/62?ref=botao,3,0
21/05/2022,18:30,Rodada 7,65,Santos,Ceará,0,0,Arena Barueri,Barueri,https://www.cbf.com.br/futebol-brasileiro/competicoes/campeonato-brasileiro-serie-a/2022/65?ref=botao,1,1
21/05/2022,19:00,Rodada 7,66,Juventude,Palmeiras,0,3,Alfredo Jaconi,Caxias do Sul,https://www.cbf.com.br/futebol-brasileiro/competicoes/campeonato-brasileiro-serie-a/2022/66?ref=botao,0,3
21/05/2022,21:00,Rodada 7,69,Cuiabá,Internacional,1,1,Arena Pantanal,Cuiaba,https://www.cbf.com.br/futebol-brasileiro/competicoes/campeonato-brasileiro-serie-a/2022/69?ref=botao,1,1
21/05/2022,21:00,Rodada 7,61,América-MG,Botafogo,1,1,Independência,Belo Horizonte,https://www.cbf.com.br/futebol-brasileiro/competicoes/campeonato-brasileiro-serie-a/2022/61?ref=botao,1,1
22/05/2022,16:00,Rodada 7,64,Corinthians,São Paulo,1,1,Neo Química Arena,Sao Paulo,https://www.cbf.com.br/futebol-brasileiro/competicoes/campeonato-brasileiro-serie-a/2022/64?ref=botao,1,1
22/05/2022,16:00,Rodada 7,67,Fortaleza,Fluminense,0,1,Arena Castelão,Fortaleza,https://www.cbf.com.br/futebol-brasileiro/competicoes/campeonato-brasileiro-serie-a/2022/67?ref=botao,0,3
22/05/2022,19:00,Rodada 7,70,Athletico Paranaense,Avaí,2,1,Arena da Baixada,Curitiba,https://www.cbf.com.br/futebol-brasileiro/competicoes/campeonato-brasileiro-serie-a/2022/70?ref=botao,3,0
28/05/2022,16:30,Rodada 8,78,Goiás,Red Bull Bragantino,1,1,Hailé Pinheiro,Goiania,https://www.cbf.com.br/futebol-brasileiro/competicoes/campeonato-brasileiro-serie-a/2022/78?ref=botao,1,1
28/05/2022,19:00,Rodada 8,73,São Paulo,Ceará,2,2,Morumbi,Sao Paulo,https://www.cbf.com.br/futebol-brasileiro/competicoes/campeonato-brasileiro-serie-a/2022/73?ref=botao,1,1
28/05/2022,20:30,Rodada 8,77,Fortaleza,Juventude,1,1,Arena Castelão,Fortaleza,https://www.cbf.com.br/futebol-brasileiro/competicoes/campeonato-brasileiro-serie-a/2022/77?ref=botao,1,1
29/05/2022,16:00,Rodada 8,75,Santos,Palmeiras,0,1,Vila Belmiro,Santos,https://www.cbf.com.br/futebol-brasileiro/competicoes/campeonato-brasileiro-serie-a/2022/75?ref=botao,0,3
29/05/2022,16:00,Rodada 8,80,Coritiba,Botafogo,1,0,Couto Pereira,Curitiba,https://www.cbf.com.br/futebol-brasileiro/competicoes/campeonato-brasileiro-serie-a/2022/80?ref=botao,3,0
29/05/2022,18:00,Rodada 8,72,Fluminense,Flamengo,1,2,Maracanã,Rio de Janeiro,https://www.cbf.com.br/futebol-brasileiro/competicoes/campeonato-brasileiro-serie-a/2022/72?ref=botao,0,3
29/05/2022,18:00,Rodada 8,74,Corinthians,América-MG,1,1,Neo Química Arena,Sao Paulo,https://www.cbf.com.br/futebol-brasileiro/competicoes/campeonato-brasileiro-serie-a/2022/74?ref=botao,1,1
29/05/2022,18:00,Rodada 8,79,Cuiabá,Athletico Paranaense,0,1,Arena Pantanal,Cuiaba,https://www.cbf.com.br/futebol-brasileiro/competicoes/campeonato-brasileiro-serie-a/2022/79?ref=botao,0,3
29/05/2022,19:00,Rodada 8,71,Atlético Mineiro,Avaí,2,1,Mineirão,Belo Horizonte,https://www.cbf.com.br/futebol-brasileiro/competicoes/campeonato-brasileiro-serie-a/2022/71?ref=botao,3,0
30/05/2022,20:00,Rodada 8,76,Internacional,Atlético-GO,1,1,Beira-Rio,Porto Alegre,https://www.cbf.com.br/futebol-brasileiro/competicoes/campeonato-brasileiro-serie-a/2022/76?ref=botao,1,1
04/06/2022,16:30,Rodada 9,81,América-MG,Cuiabá,2,1,Independência,Belo Horizonte,https://www.cbf.com.br/futebol-brasileiro/competicoes/campeonato-brasileiro-serie-a/2022/81?ref=botao,3,0
04/06/2022,19:00,Rodada 9,87,Ceará,Coritiba,1,1,Arena Castelão,Fortaleza,https://www.cbf.com.br/futebol-brasileiro/competicoes/campeonato-brasileiro-serie-a/2022/87?ref=botao,1,1
04/06/2022,19:00,Rodada 9,89,Avaí,São Paulo,1,1,Ressacada,Florianopolis,https://www.cbf.com.br/futebol-brasileiro/competicoes/campeonato-brasileiro-serie-a/2022/89?ref=botao,1,1
04/06/2022,19:00,Rodada 9,90,Athletico Paranaense,Santos,2,2,Arena da Baixada,Curitiba,https://www.cbf.com.br/futebol-brasileiro/competicoes/campeonato-brasileiro-serie-a/2022/90?ref=botao,1,1
04/06/2022,20:30,Rodada 9,88,Atlético-GO,Corinthians,0,1,Antônio Accioly,Goiania,https://www.cbf.com.br/futebol-brasileiro/competicoes/campeonato-brasileiro-serie-a/2022/88?ref=botao,0,3
05/06/2022,11:00,Rodada 9,86,Juventude,Fluminense,1,0,Alfredo Jaconi,Caxias do Sul,https://www.cbf.com.br/futebol-brasileiro/competicoes/campeonato-brasileiro-serie-a/2022/86?ref=botao,3,0
05/06/2022,16:00,Rodada 9,82,Flamengo,Fortaleza,1,2,Maracanã,Rio de Janeiro,https://www.cbf.com.br/futebol-brasileiro/competicoes/campeonato-brasileiro-serie-a/2022/82?ref=botao,0,3
05/06/2022,16:00,Rodada 9,84,Palmeiras,Atlético Mineiro,0,0,Allianz Parque,Sao Paulo,https://www.cbf.com.br/futebol-brasileiro/competicoes/campeonato-brasileiro-serie-a/2022/84?ref=botao,1,1
05/06/2022,19:00,Rodada 9,83,Red Bull Bragantino,Internacional,0,2,Nabi Abi Chedid,Braganca Paulista,https://www.cbf.com.br/futebol-brasileiro/competicoes/campeonato-brasileiro-serie-a/2022/83?ref=botao,0,3
06/06/2022,20:00,Rodada 9,85,Botafogo,Goiás,1,2,Nilton Santos,Rio de Janeiro,https://www.cbf.com.br/futebol-brasileiro/competicoes/campeonato-brasileiro-serie-a/2022/85?ref=botao,0,3
07/06/2022,21:30,Rodada 10,99,Cuiabá,Corinthians,1,0,Arena Pantanal,Cuiaba,https://www.cbf.com.br/futebol-brasileiro/competicoes/campeonato-brasileiro-serie-a/2022/99?ref=botao,3,0
08/06/2022,19:00,Rodada 10,96,Juventude,Athletico Paranaense,1,3,Alfredo Jaconi,Caxias do Sul,https://www.cbf.com.br/futebol-brasileiro/competicoes/campeonato-brasileiro-serie-a/2022/96?ref=botao,0,3
08/06/2022,19:00,Rodada 10,91,América-MG,Ceará,0,2,Independência,Belo Horizonte,https://www.cbf.com.br/futebol-brasileiro/competicoes/campeonato-brasileiro-serie-a/2022/91?ref=botao,0,3
08/06/2022,20:30,Rodada 10,98,Atlético-GO,Avaí,2,1,Antônio Accioly,Goiania,https://www.cbf.com.br/futebol-brasileiro/competicoes/campeonato-brasileiro-serie-a/2022/98?ref=botao,3,0
08/06/2022,20:30,Rodada 10,93,Red Bull Bragantino,Flamengo,1,0,Nabi Abi Chedid,Braganca Paulista,https://www.cbf.com.br/futebol-brasileiro/competicoes/campeonato-brasileiro-serie-a/2022/93?ref=botao,3,0
08/06/2022,21:30,Rodada 10,92,Fluminense,Atlético Mineiro,5,3,Maracanã,Rio de Janeiro,https://www.cbf.com.br/futebol-brasileiro/competicoes/campeonato-brasileiro-serie-a/2022/92?ref=botao,3,0
08/06/2022,21:30,Rodada 10,95,Santos,Internacional,1,1,Vila Belmiro,Santos,https://www.cbf.com.br/futebol-brasileiro/competicoes/campeonato-brasileiro-serie-a/2022/95?ref=botao,1,1
09/06/2022,19:00,Rodada 10,94,Palmeiras,Botafogo,4,0,Allianz Parque,Sao Paulo,https://www.cbf.com.br/futebol-brasileiro/competicoes/campeonato-brasileiro-serie-a/2022/94?ref=botao,3,0
09/06/2022,20:00,Rodada 10,97,Fortaleza,Goiás,1,1,Arena Castelão,Fortaleza,https://www.cbf.com.br/futebol-brasileiro/competicoes/campeonato-brasileiro-serie-a/2022/97?ref=botao,1,1
09/06/2022,20:00,Rodada 10,100,Coritiba,São Paulo,1,1,Couto Pereira,Curitiba,https://www.cbf.com.br/futebol-brasileiro/competicoes/campeonato-brasileiro-serie-a/2022/100?ref=botao,1,1
11/06/2022,16:30,Rodada 11,104,Corinthians,Juventude,2,0,Neo Química Arena,Sao Paulo,https://www.cbf.com.br/futebol-brasileiro/competicoes/campeonato-brasileiro-serie-a/2022/104?ref=botao,3,0
11/06/2022,19:00,Rodada 11,101,Atlético Mineiro,Santos,1,1,Mineirão,Belo Horizonte,https://www.cbf.com.br/futebol-brasileiro/competicoes/campeonato-brasileiro-serie-a/2022/101?ref=botao,1,1
11/06/2022,19:00,Rodada 11,102,Fluminense,Atlético-GO,0,2,Maracanã,Rio de Janeiro,https://www.cbf.com.br/futebol-brasileiro/competicoes/campeonato-brasileiro-serie-a/2022/102?ref=botao,0,3
11/06/2022,19:00,Rodada 11,109,Cuiabá,Red Bull Bragantino,1,1,Arena Pantanal,Cuiaba,https://www.cbf.com.br/futebol-brasileiro/competicoes/campeonato-brasileiro-serie-a/2022/109?ref=botao,1,1
11/06/2022,21:00,Rodada 11,106,Internacional,Flamengo,3,1,Beira-Rio,Porto Alegre,https://www.cbf.com.br/futebol-brasileiro/competicoes/campeonato-brasileiro-serie-a/2022/106?ref=botao,3,0
12/06/2022,16:00,Rodada 11,108,Goiás,Ceará,1,1,Hailé Pinheiro,Goiania,https://www.cbf.com.br/futebol-brasileiro/competicoes/campeonato-brasileiro-serie-a/2022/108?ref=botao,1,1
12/06/2022,16:00,Rodada 11,103,São Paulo,América-MG,1,0,Morumbi,Sao Paulo,https://www.cbf.com.br/futebol-brasileiro/competicoes/campeonato-brasileiro-serie-a/2022/103?ref=botao,3,0
12/06/2022,18:00,Rodada 11,110,Coritiba,Palmeiras,0,2,Couto Pereira,Curitiba,https://www.cbf.com.br/futebol-brasileiro/competicoes/campeonato-brasileiro-serie-a/2022/110?ref=botao,0,3
12/06/2022,19:00,Rodada 11,107,Fortaleza,Athletico Paranaense,0,0,Arena Castelão,Fortaleza,https://www.cbf.com.br/futebol-brasileiro/competicoes/campeonato-brasileiro-serie-a/2022/107?ref=botao,1,1
13/06/2022,19:00,Rodada 11,105,Botafogo,Avaí,0,1,Nilton Santos,Rio de Janeiro,https://www.cbf.com.br/futebol-brasileiro/competicoes/campeonato-brasileiro-serie-a/2022/105?ref=botao,0,3
14/06/2022,21:30,Rodada 12,116,Juventude,Santos,1,2,Alfredo Jaconi,Caxias do Sul,https://www.cbf.com.br/futebol-brasileiro/competicoes/campeonato-brasileiro-serie-a/2022/116?ref=botao,0,3
15/06/2022,19:00,Rodada 12,117,Ceará,Atlético Mineiro,0,0,Arena Castelão,Fortaleza,https://www.cbf.com.br/futebol-brasileiro/competicoes/campeonato-brasileiro-serie-a/2022/117?ref=botao,1,1
15/06/2022,19:00,Rodada 12,113,Red Bull Bragantino,Coritiba,4,2,Nabi Abi Chedid,Braganca Paulista,https://www.cbf.com.br/futebol-brasileiro/competicoes/campeonato-brasileiro-serie-a/2022/113?ref=botao,3,0
15/06/2022,20:30,Rodada 12,118,Goiás,Internacional,1,2,Hailé Pinheiro,Goiania,https://www.cbf.com.br/futebol-brasileiro/competicoes/campeonato-brasileiro-serie-a/2022/118?ref=botao,0,3
15/06/2022,20:30,Rodada 12,112,Flamengo,Cuiabá,2,0,Maracanã,Rio de Janeiro,https://www.cbf.com.br/futebol-brasileiro/competicoes/campeonato-brasileiro-serie-a/2022/112?ref=botao,3,0
15/06/2022,21:30,Rodada 12,111,América-MG,Fluminense,0,0,Independência,Belo Horizonte,https://www.cbf.com.br/futebol-brasileiro/competicoes/campeonato-brasileiro-serie-a/2022/111?ref=botao,1,1
15/06/2022,21:30,Rodada 12,120,Athletico Paranaense,Corinthians,1,1,Arena da Baixada,Curitiba,https://www.cbf.com.br/futebol-brasileiro/competicoes/campeonato-brasileiro-serie-a/2022/120?ref=botao,1,1
16/06/2022,16:00,Rodada 12,115,Botafogo,São Paulo,1,0,Nilton Santos,Rio de Janeiro,https://www.cbf.com.br/futebol-brasileiro/competicoes/campeonato-brasileiro-serie-a/2022/115?ref=botao,3,0
16/06/2022,18:00,Rodada 12,114,Palmeiras,Atlético-GO,4,2,Allianz Parque,Sao Paulo,https://www.cbf.com.br/futebol-brasileiro/competicoes/campeonato-brasileiro-serie-a/2022/114?ref=botao,3,0
16/06/2022,19:00,Rodada 12,119,Avaí,Fortaleza,3,2,Ressacada,Florianopolis,https://www.cbf.com.br/futebol-brasileiro/competicoes/campeonato-brasileiro-serie-a/2022/119?ref=botao,3,0
18/06/2022,19:00,Rodada 13,129,Cuiabá,Ceará,0,0,Arena Pantanal,Cuiaba,https://www.cbf.com.br/futebol-brasileiro/competicoes/campeonato-brasileiro-serie-a/2022/129?ref=botao,1,1
18/06/2022,21:00,Rodada 13,125,Santos,Red Bull Bragantino,2,2,Vila Belmiro,Santos,https://www.cbf.com.br/futebol-brasileiro/competicoes/campeonato-brasileiro-serie-a/2022/125?ref=botao,1,1
19/06/2022,16:00,Rodada 13,124,Corinthians,Goiás,1,0,Neo Química Arena,Sao Paulo,https://www.cbf.com.br/futebol-brasileiro/competicoes/campeonato-brasileiro-serie-a/2022/124?ref=botao,3,0
19/06/2022,16:00,Rodada 13,121,Atlético Mineiro,Flamengo,2,0,Mineirão,Belo Horizonte,https://www.cbf.com.br/futebol-brasileiro/competicoes/campeonato-brasileiro-serie-a/2022/121?ref=botao,3,0
19/06/2022,16:00,Rodada 13,130,Coritiba,Athletico Paranaense,0,1,Couto Pereira,Curitiba,https://www.cbf.com.br/futebol-brasileiro/competicoes/campeonato-brasileiro-serie-a/2022/130?ref=botao,0,3
19/06/2022,18:00,Rodada 13,126,Internacional,Botafogo,2,3,Beira-Rio,Porto Alegre,https://www.cbf.com.br/futebol-brasileiro/competicoes/campeonato-brasileiro-serie-a/2022/126?ref=botao,0,3
19/06/2022,18:00,Rodada 13,127,Fortaleza,América-MG,1,0,Arena Castelão,Fortaleza,https://www.cbf.com.br/futebol-brasileiro/competicoes/campeonato-brasileiro-serie-a/2022/127?ref=botao,3,0
19/06/2022,18:00,Rodada 13,128,Atlético-GO,Juventude,3,1,Antônio Accioly,Goiania,https://www.cbf.com.br/futebol-brasileiro/competicoes/campeonato-brasileiro-serie-a/2022/128?ref=botao,3,0
19/06/2022,19:00,Rodada 13,122,Fluminense,Avaí,2,0,Maracanã,Rio de Janeiro,https://www.cbf.com.br/futebol-brasileiro/competicoes/campeonato-brasileiro-serie-a/2022/122?ref=botao,3,0
20/06/2022,20:00,Rodada 13,123,São Paulo,Palmeiras,1,2,Morumbi,Sao Paulo,https://www.cbf.com.br/futebol-brasileiro/competicoes/campeonato-brasileiro-serie-a/2022/123?ref=botao,0,3
24/06/2022,21:30,Rodada 14,136,Internacional,Coritiba,3,0,Beira-Rio,Porto Alegre,https://www.cbf.com.br/futebol-brasileiro/competicoes/campeonato-brasileiro-serie-a/2022/136?ref=botao,3,0
25/06/2022,16:30,Rodada 14,140,Athletico Paranaense,Red Bull Bragantino,4,2,Arena da Baixada,Curitiba,https://www.cbf.com.br/futebol-brasileiro/competicoes/campeonato-brasileiro-serie-a/2022/140?ref=botao,3,0
25/06/2022,19:00,Rodada 14,132,Flamengo,América-MG,3,0,Maracanã,Rio de Janeiro,https://www.cbf.com.br/futebol-brasileiro/competicoes/campeonato-brasileiro-serie-a/2022/132?ref=botao,3,0
25/06/2022,19:00,Rodada 14,134,Corinthians,Santos,0,0,Neo Química Arena,Sao Paulo,https://www.cbf.com.br/futebol-brasileiro/competicoes/campeonato-brasileiro-serie-a/2022/134?ref=botao,1,1
25/06/2022,21:00,Rodada 14,131,Atlético Mineiro,Fortaleza,3,2,Mineirão,Belo Horizonte,https://www.cbf.com.br/futebol-brasileiro/competicoes/campeonato-brasileiro-serie-a/2022/131?ref=botao,3,0
26/06/2022,16:00,Rodada 14,139,Avaí,Palmeiras,2,2,Ressacada,Florianopolis,https://www.cbf.com.br/futebol-brasileiro/competicoes/campeonato-brasileiro-serie-a/2022/139?ref=botao,1,1
26/06/2022,16:00,Rodada 14,135,Botafogo,Fluminense,0,1,Nilton Santos,Rio de Janeiro,https://www.cbf.com.br/futebol-brasileiro/competicoes/campeonato-brasileiro-serie-a/2022/135?ref=botao,0,3
26/06/2022,18:00,Rodada 14,133,São Paulo,Juventude,0,0,Morumbi,Sao Paulo,https://www.cbf.com.br/futebol-brasileiro/competicoes/campeonato-brasileiro-serie-a/2022/133?ref=botao,1,1
26/06/2022,18:00,Rodada 14,138,Goiás,Cuiabá,1,0,Hailé Pinheiro,Goiania,https://www.cbf.com.br/futebol-brasileiro/competicoes/campeonato-brasileiro-serie-a/2022/138?ref=botao,3,0
26/06/2022,18:00,Rodada 14,137,Ceará,Atlético-GO,1,1,Arena Castelão,Fortaleza,https://www.cbf.com.br/futebol-brasileiro/competicoes/campeonato-brasileiro-serie-a/2022/137?ref=botao,1,1
02/07/2022,16:30,Rodada 15,142,Fluminense,Corinthians,4,0,Maracanã,Rio de Janeiro,https://www.cbf.com.br/futebol-brasileiro/competicoes/campeonato-brasileiro-serie-a/2022/142?ref=botao,3,0
02/07/2022,16:30,Rodada 15,146,Juventude,Atlético Mineiro,1,2,Alfredo Jaconi,Caxias do Sul,https://www.cbf.com.br/futebol-brasileiro/competicoes/campeonato-brasileiro-serie-a/2022/146?ref=botao,0,3
02/07/2022,19:00,Rodada 15,147,Ceará,Internacional,1,1,Arena Castelão,Fortaleza,https://www.cbf.com.br/futebol-brasileiro/competicoes/campeonato-brasileiro-serie-a/2022/147?ref=botao,1,1
02/07/2022,19:00,Rodada 15,145,Santos,Flamengo,1,2,Vila Belmiro,Santos,https://www.cbf.com.br/futebol-brasileiro/competicoes/campeonato-brasileiro-serie-a/2022/145?ref=botao,0,3
02/07/2022,21:00,Rodada 15,144,Palmeiras,Athletico Paranaense,0,2,Allianz Parque,Sao Paulo,https://www.cbf.com.br/futebol-brasileiro/competicoes/campeonato-brasileiro-serie-a/2022/144?ref=botao,0,3
03/07/2022,11:00,Rodada 15,149,Avaí,Cuiabá,1,2,Ressacada,Florianopolis,https://www.cbf.com.br/futebol-brasileiro/competicoes/campeonato-brasileiro-serie-a/2022/149?ref=botao,0,3
03/07/2022,16:00,Rodada 15,148,Atlético-GO,São Paulo,1,2,Antônio Accioly,Goiania,https://www.cbf.com.br/futebol-brasileiro/competicoes/campeonato-brasileiro-serie-a/2022/148?ref=botao,0,3
03/07/2022,18:00,Rodada 15,141,América-MG,Goiás,1,0,Independência,Belo Horizonte,https://www.cbf.com.br/futebol-brasileiro/competicoes/campeonato-brasileiro-serie-a/2022/141?ref=botao,3,0
03/07/2022,18:00,Rodada 15,150,Coritiba,Fortaleza,2,1,Couto Pereira,Curitiba,https://www.cbf.com.br/futebol-brasileiro/competicoes/campeonato-brasileiro-serie-a/2022/150?ref=botao,3,0
04/07/2022,20:00,Rodada 15,143,Red Bull Bragantino,Botafogo,0,1,Nabi Abi Chedid,Braganca Paulista,https://www.cbf.com.br/futebol-brasileiro/competicoes/campeonato-brasileiro-serie-a/2022/143?ref=botao,0,3
09/07/2022,16:30,Rodada 16,153,Red Bull Bragantino,Avaí,4,0,Nabi Abi Chedid,Braganca Paulista,https://www.cbf.com.br/futebol-brasileiro/competicoes/campeonato-brasileiro-serie-a/2022/153?ref=botao,3,0
09/07/2022,19:00,Rodada 16,152,Fluminense,Ceará,2,1,Maracanã,Rio de Janeiro,https://www.cbf.com.br/futebol-brasileiro/competicoes/campeonato-brasileiro-serie-a/2022/152?ref=botao,3,0
09/07/2022,20:30,Rodada 16,158,Goiás,Athletico Paranaense,2,1,Hailé Pinheiro,Goiania,https://www.cbf.com.br/futebol-brasileiro/competicoes/campeonato-brasileiro-serie-a/2022/158?ref=botao,3,0
10/07/2022,11:00,Rodada 16,160,Coritiba,Juventude,2,2,Couto Pereira,Curitiba,https://www.cbf.com.br/futebol-brasileiro/competicoes/campeonato-brasileiro-serie-a/2022/160?ref=botao,1,1
10/07/2022,16:00,Rodada 16,154,Corinthians,Flamengo,1,0,Neo Química Arena,Sao Paulo,https://www.cbf.com.br/futebol-brasileiro/competicoes/campeonato-brasileiro-serie-a/2022/154?ref=botao,3,0
10/07/2022,18:00,Rodada 16,157,Fortaleza,Palmeiras,0,0,Arena Castelão,Fortaleza,https://www.cbf.com.br/futebol-brasileiro/competicoes/campeonato-brasileiro-serie-a/2022/157?ref=botao,1,1
10/07/2022,18:00,Rodada 16,155,Santos,Atlético-GO,1,0,Vila Belmiro,Santos,https://www.cbf.com.br/futebol-brasileiro/competicoes/campeonato-brasileiro-serie-a/2022/155?ref=botao,3,0
10/07/2022,18:00,Rodada 16,151,Atlético Mineiro,São Paulo,0,0,Mineirão,Belo Horizonte,https://www.cbf.com.br/futebol-brasileiro/competicoes/campeonato-brasileiro-serie-a/2022/151?ref=botao,1,1
10/07/2022,19:00,Rodada 16,159,Cuiabá,Botafogo,2,0,Arena Pantanal,Cuiaba,https://www.cbf.com.br/futebol-brasileiro/competicoes/campeonato-brasileiro-serie-a/2022/159?ref=botao,3,0
11/07/2022,20:00,Rodada 16,156,Internacional,América-MG,1,0,Beira-Rio,Porto Alegre,https://www.cbf.com.br/futebol-brasileiro/competicoes/campeonato-brasileiro-serie-a/2022/156?ref=botao,3,0
16/07/2022,16:30,Rodada 17,170,Athletico Paranaense,Internacional,0,0,Arena da Baixada,Curitiba,https://www.cbf.com.br/futebol-brasileiro/competicoes/campeonato-brasileiro-serie-a/2022/170?ref=botao,1,1
16/07/2022,19:00,Rodada 17,169,Avaí,Santos,1,0,Ressacada,Florianopolis,https://www.cbf.com.br/futebol-brasileiro/competicoes/campeonato-brasileiro-serie-a/2022/169?ref=botao,3,0
16/07/2022,19:00,Rodada 17,162,Flamengo,Coritiba,2,0,Mané Garrincha,Brasilia,https://www.cbf.com.br/futebol-brasileiro/competicoes/campeonato-brasileiro-serie-a/2022/162?ref=botao,3,0
16/07/2022,21:00,Rodada 17,167,Ceará,Corinthians,3,1,Arena Castelão,Fortaleza,https://www.cbf.com.br/futebol-brasileiro/competicoes/campeonato-brasileiro-serie-a/2022/167?ref=botao,3,0
17/07/2022,11:00,Rodada 17,166,Juventude,Goiás,0,0,Alfredo Jaconi,Caxias do Sul,https://www.cbf.com.br/futebol-brasileiro/competicoes/campeonato-brasileiro-serie-a/2022/166?ref=botao,1,1
17/07/2022,16:00,Rodada 17,163,São Paulo,Fluminense,2,2,Morumbi,Sao Paulo,https://www.cbf.com.br/futebol-brasileiro/competicoes/campeonato-brasileiro-serie-a/2022/163?ref=botao,1,1
17/07/2022,18:00,Rodada 17,165,Botafogo,Atlético Mineiro,0,1,Nilton Santos,Rio de Janeiro,https://www.cbf.com.br/futebol-brasileiro/competicoes/campeonato-brasileiro-serie-a/2022/165?ref=botao,0,3
17/07/2022,18:00,Rodada 17,168,Atlético-GO,Fortaleza,0,1,Antônio Accioly,Goiania,https://www.cbf.com.br/futebol-brasileiro/competicoes/campeonato-brasileiro-serie-a/2022/168?ref=botao,0,3
17/07/2022,19:00,Rodada 17,161,América-MG,Red Bull Bragantino,0,3,Independência,Belo Horizonte,https://www.cbf.com.br/futebol-brasileiro/competicoes/campeonato-brasileiro-serie-a/2022/161?ref=botao,0,3
18/07/2022,20:00,Rodada 17,164,Palmeiras,Cuiabá,1,0,Allianz Parque,Sao Paulo,https://www.cbf.com.br/futebol-brasileiro/competicoes/campeonato-brasileiro-serie-a/2022/164?ref=botao,3,0
19/07/2022,21:30,Rodada 18,177,Ceará,Avaí,1,0,Arena Castelão,Fortaleza,https://www.cbf.com.br/futebol-brasileiro/competicoes/campeonato-brasileiro-serie-a/2022/177?ref=botao,3,0
20/07/2022,19:00,Rodada 18,173,Red Bull Bragantino,Fortaleza,2,1,Nabi Abi Chedid,Braganca Paulista,https://www.cbf.com.br/futebol-brasileiro/competicoes/campeonato-brasileiro-serie-a/2022/173?ref=botao,3,0
20/07/2022,19:00,Rodada 18,178,Goiás,Fluminense,2,3,Hailé Pinheiro,Goiania,https://www.cbf.com.br/futebol-brasileiro/competicoes/campeonato-brasileiro-serie-a/2022/178?ref=botao,0,3
20/07/2022,19:30,Rodada 18,180,Athletico Paranaense,Atlético-GO,4,1,Arena da Baixada,Curitiba,https://www.cbf.com.br/futebol-brasileiro/competicoes/campeonato-brasileiro-serie-a/2022/180?ref=botao,3,0
20/07/2022,20:30,Rodada 18,172,Flamengo,Juventude,4,0,Mané Garrincha,Brasilia,https://www.cbf.com.br/futebol-brasileiro/competicoes/campeonato-brasileiro-serie-a/2022/172?ref=botao,3,0
20/07/2022,20:30,Rodada 18,176,Internacional,São Paulo,3,3,Beira-Rio,Porto Alegre,https://www.cbf.com.br/futebol-brasileiro/competicoes/campeonato-brasileiro-serie-a/2022/176?ref=botao,1,1
20/07/2022,21:30,Rodada 18,174,Corinthians,Coritiba,3,1,Neo Química Arena,Sao Paulo,https://www.cbf.com.br/futebol-brasileiro/competicoes/campeonato-brasileiro-serie-a/2022/174?ref=botao,3,0
20/07/2022,21:30,Rodada 18,175,Santos,Botafogo,2,0,Vila Belmiro,Santos,https://www.cbf.com.br/futebol-brasileiro/competicoes/campeonato-brasileiro-serie-a/2022/175?ref=botao,3,0
21/07/2022,19:00,Rodada 18,179,Cuiabá,Atlético Mineiro,1,1,Arena Pantanal,Cuiaba,https://www.cbf.com.br/futebol-brasileiro/competicoes/campeonato-brasileiro-serie-a/2022/179?ref=botao,1,1
21/07/2022,20:00,Rodada 18,171,América-MG,Palmeiras,0,1,Independência,Belo Horizonte,https://www.cbf.com.br/futebol-brasileiro/competicoes/campeonato-brasileiro-serie-a/2022/171?ref=botao,0,3
23/07/2022,19:00,Rodada 19,183,São Paulo,Goiás,3,3,Morumbi,Sao Paulo,https://www.cbf.com.br/futebol-brasileiro/competicoes/campeonato-brasileiro-serie-a/2022/183?ref=botao,1,1
23/07/2022,21:00,Rodada 19,185,Botafogo,Athletico Paranaense,2,0,Nilton Santos,Rio de Janeiro,https://www.cbf.com.br/futebol-brasileiro/competicoes/campeonato-brasileiro-serie-a/2022/185?ref=botao,3,0
24/07/2022,11:00,Rodada 19,189,Avaí,Flamengo,1,2,Ressacada,Florianopolis,https://www.cbf.com.br/futebol-brasileiro/competicoes/campeonato-brasileiro-serie-a/2022/189?ref=botao,0,3
24/07/2022,16:00,Rodada 19,182,Fluminense,Red Bull Bragantino,2,1,Raulino de Oliveira,Volta Redonda,https://www.cbf.com.br/futebol-brasileiro/competicoes/campeonato-brasileiro-serie-a/2022/182?ref=botao,3,0
24/07/2022,16:00,Rodada 19,184,Palmeiras,Internacional,2,1,Allianz Parque,Sao Paulo,https://www.cbf.com.br/futebol-brasileiro/competicoes/campeonato-brasileiro-serie-a/2022/184?ref=botao,3,0
24/07/2022,16:00,Rodada 19,186,Juventude,Ceará,1,0,Alfredo Jaconi,Caxias do Sul,https://www.cbf.com.br/futebol-brasileiro/competicoes/campeonato-brasileiro-serie-a/2022/186?ref=botao,3,0
24/07/2022,18:00,Rodada 19,181,Atlético Mineiro,Corinthians,1,2,Mineirão,Belo Horizonte,https://www.cbf.com.br/futebol-brasileiro/competicoes/campeonato-brasileiro-serie-a/2022/181?ref=botao,0,3
24/07/2022,18:00,Rodada 19,188,Atlético-GO,América-MG,0,1,Antônio Accioly,Goiania,https://www.cbf.com.br/futebol-brasileiro/competicoes/campeonato-brasileiro-serie-a/2022/188?ref=botao,0,3
24/07/2022,19:00,Rodada 19,187,Fortaleza,Santos,0,0,Arena Castelão,Fortaleza,https://www.cbf.com.br/futebol-brasileiro/competicoes/campeonato-brasileiro-serie-a/2022/187?ref=botao,1,1
25/07/2022,20:00,Rodada 19,190,Coritiba,Cuiabá,1,0,Couto Pereira,Curitiba,https://www.cbf.com.br/futebol-brasileiro/competicoes/campeonato-brasileiro-serie-a/2022/190?ref=botao,3,0
30/07/2022,16:30,Rodada 20,198,Goiás,Coritiba,1,0,Hailé Pinheiro,Goiania,https://www.cbf.com.br/futebol-brasileiro/competicoes/campeonato-brasileiro-serie-a/2022/198?ref=botao,3,0
30/07/2022,16:30,Rodada 20,197,Ceará,Palmeiras,1,2,Arena Castelão,Fortaleza,https://www.cbf.com.br/futebol-brasileiro/competicoes/campeonato-brasileiro-serie-a/2022/197?ref=botao,0,3
30/07/2022,19:00,Rodada 20,194,Corinthians,Botafogo,1,0,Neo Química Arena,Sao Paulo,https://www.cbf.com.br/futebol-brasileiro/competicoes/campeonato-brasileiro-serie-a/2022/194?ref=botao,3,0
30/07/2022,20:30,Rodada 20,192,Flamengo,Atlético-GO,4,1,Maracanã,Rio de Janeiro,https://www.cbf.com.br/futebol-brasileiro/competicoes/campeonato-brasileiro-serie-a/2022/192?ref=botao,3,0
31/07/2022,16:00,Rodada 20,200,Athletico Paranaense,São Paulo,1,0,Arena da Baixada,Curitiba,https://www.cbf.com.br/futebol-brasileiro/competicoes/campeonato-brasileiro-serie-a/2022/200?ref=botao,3,0
31/07/2022,16:00,Rodada 20,196,Internacional,Atlético Mineiro,3,0,Beira-Rio,Porto Alegre,https://www.cbf.com.br/futebol-brasileiro/competicoes/campeonato-brasileiro-serie-a/2022/196?ref=botao,3,0
31/07/2022,18:00,Rodada 20,199,Cuiabá,Fortaleza,0,1,Arena Pantanal,Cuiaba,https://www.cbf.com.br/futebol-brasileiro/competicoes/campeonato-brasileiro-serie-a/2022/199?ref=botao,0,3
31/07/2022,18:00,Rodada 20,191,América-MG,Avaí,3,1,Independência,Belo Horizonte,https://www.cbf.com.br/futebol-brasileiro/competicoes/campeonato-brasileiro-serie-a/2022/191?ref=botao,3,0
31/07/2022,19:00,Rodada 20,193,Red Bull Bragantino,Juventude,1,0,Nabi Abi Chedid,Braganca Paulista,https://www.cbf.com.br/futebol-brasileiro/competicoes/campeonato-brasileiro-serie-a/2022/193?ref=botao,3,0
01/08/2022,20:00,Rodada 20,195,Santos,Fluminense,2,2,Vila Belmiro,Santos,https://www.cbf.com.br/futebol-brasileiro/competicoes/campeonato-brasileiro-serie-a/2022/195?ref=botao,1,1
06/08/2022,16:30,Rodada 21,205,Botafogo,Ceará,1,1,Nilton Santos,Rio de Janeiro,https://www.cbf.com.br/futebol-brasileiro/competicoes/campeonato-brasileiro-serie-a/2022/205?ref=botao,1,1
06/08/2022,16:30,Rodada 21,206,Juventude,América-MG,0,1,Alfredo Jaconi,Caxias do Sul,https://www.cbf.com.br/futebol-brasileiro/competicoes/campeonato-brasileiro-serie-a/2022/206?ref=botao,0,3
06/08/2022,19:00,Rodada 21,208,Atlético-GO,Red Bull Bragantino,2,1,Antônio Accioly,Goiania,https://www.cbf.com.br/futebol-brasileiro/competicoes/campeonato-brasileiro-serie-a/2022/208?ref=botao,3,0
06/08/2022,19:00,Rodada 21,209,Avaí,Corinthians,1,1,Ressacada,Florianopolis,https://www.cbf.com.br/futebol-brasileiro/competicoes/campeonato-brasileiro-serie-a/2022/209?ref=botao,1,1
06/08/2022,20:30,Rodada 21,203,São Paulo,Flamengo,0,2,Morumbi,Sao Paulo,https://www.cbf.com.br/futebol-brasileiro/competicoes/campeonato-brasileiro-serie-a/2022/203?ref=botao,0,3
07/08/2022,16:00,Rodada 21,202,Fluminense,Cuiabá,1,0,Maracanã,Rio de Janeiro,https://www.cbf.com.br/futebol-brasileiro/competicoes/campeonato-brasileiro-serie-a/2022/202?ref=botao,3,0
07/08/2022,16:00,Rodada 21,204,Palmeiras,Goiás,3,0,Allianz Parque,Sao Paulo,https://www.cbf.com.br/futebol-brasileiro/competicoes/campeonato-brasileiro-serie-a/2022/204?ref=botao,3,0
07/08/2022,18:00,Rodada 21,207,Fortaleza,Internacional,3,0,Arena Castelão,Fortaleza,https://www.cbf.com.br/futebol-brasileiro/competicoes/campeonato-brasileiro-serie-a/2022/207?ref=botao,3,0
07/08/2022,19:00,Rodada 21,201,Atlético Mineiro,Athletico Paranaense,2,3,Mineirão,Belo Horizonte,https://www.cbf.com.br/futebol-brasileiro/competicoes/campeonato-brasileiro-serie-a/2022/201?ref=botao,0,3
08/08/2022,20:00,Rodada 21,210,Coritiba,Santos,1,2,Couto Pereira,Curitiba,https://www.cbf.com.br/futebol-brasileiro/competicoes/campeonato-brasileiro-serie-a/2022/210?ref=botao,0,3
13/08/2022,16:30,Rodada 22,218,Goiás,Avaí,1,1,Hailé Pinheiro,Goiania,https://www.cbf.com.br/futebol-brasileiro/competicoes/campeonato-brasileiro-serie-a/2022/218?ref=botao,1,1
13/08/2022,19:00,Rodada 22,214,Corinthians,Palmeiras,0,1,Neo Química Arena,Sao Paulo,https://www.cbf.com.br/futebol-brasileiro/competicoes/campeonato-brasileiro-serie-a/2022/214?ref=botao,0,3
13/08/2022,20:30,Rodada 22,219,Cuiabá,Juventude,1,0,Arena Pantanal,Cuiaba,https://www.cbf.com.br/futebol-brasileiro/competicoes/campeonato-brasileiro-serie-a/2022/219?ref=botao,3,0
13/08/2022,21:00,Rodada 22,215,Botafogo,Atlético-GO,0,0,Nilton Santos,Rio de Janeiro,https://www.cbf.com.br/futebol-brasileiro/competicoes/campeonato-brasileiro-serie-a/2022/215?ref=botao,1,1
14/08/2022,11:00,Rodada 22,220,Coritiba,Atlético Mineiro,0,1,Couto Pereira,Curitiba,https://www.cbf.com.br/futebol-brasileiro/competicoes/campeonato-brasileiro-serie-a/2022/220?ref=botao,0,3
14/08/2022,16:00,Rodada 22,212,Flamengo,Athletico Paranaense,5,0,Maracanã,Rio de Janeiro,https://www.cbf.com.br/futebol-brasileiro/competicoes/campeonato-brasileiro-serie-a/2022/212?ref=botao,3,0
14/08/2022,16:00,Rodada 22,213,São Paulo,Red Bull Bragantino,3,0,Morumbi,Sao Paulo,https://www.cbf.com.br/futebol-brasileiro/competicoes/campeonato-brasileiro-serie-a/2022/213?ref=botao,3,0
14/08/2022,16:00,Rodada 22,217,Ceará,Fortaleza,0,1,Arena Castelão,Fortaleza,https://www.cbf.com.br/futebol-brasileiro/competicoes/campeonato-brasileiro-serie-a/2022/217?ref=botao,0,3
14/08/2022,18:00,Rodada 22,211,América-MG,Santos,1,0,Independência,Belo Horizonte,https://www.cbf.com.br/futebol-brasileiro/competicoes/campeonato-brasileiro-serie-a/2022/211?ref=botao,3,0
14/08/2022,19:00,Rodada 22,216,Internacional,Fluminense,3,0,Beira-Rio,Porto Alegre,https://www.cbf.com.br/futebol-brasileiro/competicoes/campeonato-brasileiro-serie-a/2022/216?ref=botao,3,0
20/08/2022,16:30,Rodada 23,221,Atlético Mineiro,Goiás,0,1,Mineirão,Belo Horizonte,https://www.cbf.com.br/futebol-brasileiro/competicoes/campeonato-brasileiro-serie-a/2022/221?ref=botao,0,3
20/08/2022,19:00,Rodada 23,222,Fluminense,Coritiba,5,2,Maracanã,Rio de Janeiro,https://www.cbf.com.br/futebol-brasileiro/competicoes/campeonato-brasileiro-serie-a/2022/222?ref=botao,3,0
21/08/2022,11:00,Rodada 23,226,Juventude,Botafogo,2,2,Alfredo Jaconi,Caxias do Sul,https://www.cbf.com.br/futebol-brasileiro/competicoes/campeonato-brasileiro-serie-a/2022/226?ref=botao,1,1
21/08/2022,16:00,Rodada 23,224,Palmeiras,Flamengo,1,1,Allianz Parque,Sao Paulo,https://www.cbf.com.br/futebol-brasileiro/competicoes/campeonato-brasileiro-serie-a/2022/224?ref=botao,1,1
21/08/2022,18:00,Rodada 23,223,Red Bull Bragantino,Ceará,1,1,Nabi Abi Chedid,Braganca Paulista,https://www.cbf.com.br/futebol-brasileiro/competicoes/campeonato-brasileiro-serie-a/2022/223?ref=botao,1,1
21/08/2022,18:00,Rodada 23,227,Fortaleza,Corinthians,1,0,Arena Castelão,Fortaleza,https://www.cbf.com.br/futebol-brasileiro/competicoes/campeonato-brasileiro-serie-a/2022/227?ref=botao,3,0
21/08/2022,18:00,Rodada 23,228,Atlético-GO,Cuiabá,1,1,Antônio Accioly,Goiania,https://www.cbf.com.br/futebol-brasileiro/competicoes/campeonato-brasileiro-serie-a/2022/228?ref=botao,1,1
21/08/2022,18:00,Rodada 23,230,Athletico Paranaense,América-MG,1,1,Arena da Baixada,Curitiba,https://www.cbf.com.br/futebol-brasileiro/competicoes/campeonato-brasileiro-serie-a/2022/230?ref=botao,1,1
21/08/2022,19:00,Rodada 23,225,Santos,São Paulo,1,0,Vila Belmiro,Santos,https://www.cbf.com.br/futebol-brasileiro/competicoes/campeonato-brasileiro-serie-a/2022/225?ref=botao,3,0
22/08/2022,20:00,Rodada 23,229,Avaí,Internacional,0,1,Ressacada,Florianopolis,https://www.cbf.com.br/futebol-brasileiro/competicoes/campeonato-brasileiro-serie-a/2022/229?ref=botao,0,3
27/08/2022,16:30,Rodada 24,240,Coritiba,Avaí,1,0,Couto Pereira,Curitiba,https://www.cbf.com.br/futebol-brasileiro/competicoes/campeonato-brasileiro-serie-a/2022/240?ref=botao,3,0
27/08/2022,16:30,Rodada 24,238,Goiás,Atlético-GO,2,1,Hailé Pinheiro,Goiania,https://www.cbf.com.br/futebol-brasileiro/competicoes/campeonato-brasileiro-serie-a/2022/238?ref=botao,3,0
27/08/2022,19:00,Rodada 24,232,Fluminense,Palmeiras,1,1,Maracanã,Rio de Janeiro,https://www.cbf.com.br/futebol-brasileiro/competicoes/campeonato-brasileiro-serie-a/2022/232?ref=botao,1,1
27/08/2022,21:00,Rodada 24,237,Ceará,Athletico Paranaense,0,0,Arena Castelão,Fortaleza,https://www.cbf.com.br/futebol-brasileiro/competicoes/campeonato-brasileiro-serie-a/2022/237?ref=botao,1,1
28/08/2022,16:00,Rodada 24,231,América-MG,Atlético Mineiro,1,1,Independência,Belo Horizonte,https://www.cbf.com.br/futebol-brasileiro/competicoes/campeonato-brasileiro-serie-a/2022/231?ref=botao,1,1
28/08/2022,16:00,Rodada 24,233,São Paulo,Fortaleza,0,1,Morumbi,Sao Paulo,https://www.cbf.com.br/futebol-brasileiro/competicoes/campeonato-brasileiro-serie-a/2022/233?ref=botao,0,3
28/08/2022,18:00,Rodada 24,235,Botafogo,Flamengo,0,1,Nilton Santos,Rio de Janeiro,https://www.cbf.com.br/futebol-brasileiro/competicoes/campeonato-brasileiro-serie-a/2022/235?ref=botao,0,3
28/08/2022,18:00,Rodada 24,239,Cuiabá,Santos,0,0,Arena Pantanal,Cuiaba,https://www.cbf.com.br/futebol-brasileiro/competicoes/campeonato-brasileiro-serie-a/2022/239?ref=botao,1,1
29/08/2022,20:00,Rodada 24,236,Internacional,Juventude,4,0,Beira-Rio,Porto Alegre,https://www.cbf.com.br/futebol-brasileiro/competicoes/campeonato-brasileiro-serie-a/2022/236?ref=botao,3,0
29/08/2022,21:30,Rodada 24,234,Corinthians,Red Bull Bragantino,1,0,Neo Química Arena,Sao Paulo,https://www.cbf.com.br/futebol-brasileiro/competicoes/campeonato-brasileiro-serie-a/2022/234?ref=botao,3,0
03/09/2022,16:30,Rodada 25,246,Juventude,Avaí,1,1,Alfredo Jaconi,Caxias do Sul,https://www.cbf.com.br/futebol-brasileiro/competicoes/campeonato-brasileiro-serie-a/2022/246?ref=botao,1,1
03/09/2022,19:00,Rodada 25,243,Red Bull Bragantino,Palmeiras,2,2,Nabi Abi Chedid,Braganca Paulista,https://www.cbf.com.br/futebol-brasileiro/competicoes/campeonato-brasileiro-serie-a/2022/243?ref=botao,1,1
03/09/2022,19:00,Rodada 25,250,Athletico Paranaense,Fluminense,1,0,Arena da Baixada,Curitiba,https://www.cbf.com.br/futebol-brasileiro/competicoes/campeonato-brasileiro-serie-a/2022/250?ref=botao,3,0
03/09/2022,20:30,Rodada 25,241,América-MG,Coritiba,2,0,Independência,Belo Horizonte,https://www.cbf.com.br/futebol-brasileiro/competicoes/campeonato-brasileiro-serie-a/2022/241?ref=botao,3,0
04/09/2022,11:00,Rodada 25,242,Flamengo,Ceará,1,1,Maracanã,Rio de Janeiro,https://www.cbf.com.br/futebol-brasileiro/competicoes/campeonato-brasileiro-serie-a/2022/242?ref=botao,1,1
04/09/2022,16:00,Rodada 25,247,Fortaleza,Botafogo,1,3,Arena Castelão,Fortaleza,https://www.cbf.com.br/futebol-brasileiro/competicoes/campeonato-brasileiro-serie-a/2022/247?ref=botao,0,3
04/09/2022,16:00,Rodada 25,244,Corinthians,Internacional,2,2,Neo Química Arena,Sao Paulo,https://www.cbf.com.br/futebol-brasileiro/competicoes/campeonato-brasileiro-serie-a/2022/244?ref=botao,1,1
04/09/2022,18:00,Rodada 25,248,Atlético-GO,Atlético Mineiro,0,2,Antônio Accioly,Goiania,https://www.cbf.com.br/futebol-brasileiro/competicoes/campeonato-brasileiro-serie-a/2022/248?ref=botao,0,3
04/09/2022,19:00,Rodada 25,249,Cuiabá,São Paulo,1,1,Arena Pantanal,Cuiaba,https://www.cbf.com.br/futebol-brasileiro/competicoes/campeonato-brasileiro-serie-a/2022/249?ref=botao,1,1
05/09/2022,20:00,Rodada 25,245,Santos,Goiás,1,2,Vila Belmiro,Santos,https://www.cbf.com.br/futebol-brasileiro/competicoes/campeonato-brasileiro-serie-a/2022/245?ref=botao,0,3
07/09/2022,17:00,Rodada 26,251,Atlético Mineiro,Red Bull Bragantino,1,1,Mineirão,Belo Horizonte,https://www.cbf.com.br/futebol-brasileiro/competicoes/campeonato-brasileiro-serie-a/2022/251?ref=botao,1,1
10/09/2022,16:30,Rodada 26,257,Ceará,Santos,2,1,Arena Castelão,Fortaleza,https://www.cbf.com.br/futebol-brasileiro/competicoes/campeonato-brasileiro-serie-a/2022/257?ref=botao,3,0
10/09/2022,16:30,Rodada 26,256,Internacional,Cuiabá,1,0,Beira-Rio,Porto Alegre,https://www.cbf.com.br/futebol-brasileiro/competicoes/campeonato-brasileiro-serie-a/2022/256?ref=botao,3,0
10/09/2022,19:00,Rodada 26,252,Fluminense,Fortaleza,2,1,Maracanã,Rio de Janeiro,https://www.cbf.com.br/futebol-brasileiro/competicoes/campeonato-brasileiro-serie-a/2022/252?ref=botao,3,0
10/09/2022,21:00,Rodada 26,254,Palmeiras,Juventude,2,1,Allianz Parque,Sao Paulo,https://www.cbf.com.br/futebol-brasileiro/competicoes/campeonato-brasileiro-serie-a/2022/254?ref=botao,3,0
11/09/2022,11:00,Rodada 26,255,Botafogo,América-MG,0,0,Nilton Santos,Rio de Janeiro,https://www.cbf.com.br/futebol-brasileiro/competicoes/campeonato-brasileiro-serie-a/2022/255?ref=botao,1,1
11/09/2022,11:00,Rodada 26,259,Avaí,Athletico Paranaense,1,1,Ressacada,Florianopolis,https://www.cbf.com.br/futebol-brasileiro/competicoes/campeonato-brasileiro-serie-a/2022/259?ref=botao,1,1
11/09/2022,16:00,Rodada 26,253,São Paulo,Corinthians,1,1,Morumbi,Sao Paulo,https://www.cbf.com.br/futebol-brasileiro/competicoes/campeonato-brasileiro-serie-a/2022/253?ref=botao,1,1
11/09/2022,16:00,Rodada 26,260,Coritiba,Atlético-GO,2,0,Couto Pereira,Curitiba,https://www.cbf.com.br/futebol-brasileiro/competicoes/campeonato-brasileiro-serie-a/2022/260?ref=botao,3,0
11/09/2022,19:00,Rodada 26,258,Goiás,Flamengo,1,1,Hailé Pinheiro,Goiania,https://www.cbf.com.br/futebol-brasileiro/competicoes/campeonato-brasileiro-serie-a/2022/258?ref=botao,1,1
17/09/2022,16:30,Rodada 27,269,Avaí,Atlético Mineiro,1,0,Ressacada,Florianopolis,https://www.cbf.com.br/futebol-brasileiro/competicoes/campeonato-brasileiro-serie-a/2022/269?ref=botao,3,0
17/09/2022,19:00,Rodada 27,265,Botafogo,Coritiba,2,0,Nilton Santos,Rio de Janeiro,https://www.cbf.com.br/futebol-brasileiro/competicoes/campeonato-brasileiro-serie-a/2022/265?ref=botao,3,0
18/09/2022,11:00,Rodada 27,263,Red Bull Bragantino,Goiás,1,1,Nabi Abi Chedid,Braganca Paulista,https://www.cbf.com.br/futebol-brasileiro/competicoes/campeonato-brasileiro-serie-a/2022/263?ref=botao,1,1
18/09/2022,16:00,Rodada 27,262,Flamengo,Fluminense,1,2,Maracanã,Rio de Janeiro,https://www.cbf.com.br/futebol-brasileiro/competicoes/campeonato-brasileiro-serie-a/2022/262?ref=botao,0,3
18/09/2022,16:00,Rodada 27,267,Ceará,São Paulo,0,2,Arena Castelão,Fortaleza,https://www.cbf.com.br/futebol-brasileiro/competicoes/campeonato-brasileiro-serie-a/2022/267?ref=botao,0,3
18/09/2022,18:00,Rodada 27,266,Juventude,Fortaleza,1,1,Alfredo Jaconi,Caxias do Sul,https://www.cbf.com.br/futebol-brasileiro/competicoes/campeonato-brasileiro-serie-a/2022/266?ref=botao,1,1
18/09/2022,18:00,Rodada 27,261,América-MG,Corinthians,1,0,Independência,Belo Horizonte,https://www.cbf.com.br/futebol-brasileiro/competicoes/campeonato-brasileiro-serie-a/2022/261?ref=botao,3,0
18/09/2022,18:30,Rodada 27,264,Palmeiras,Santos,1,0,Allianz Parque,Sao Paulo,https://www.cbf.com.br/futebol-brasileiro/competicoes/campeonato-brasileiro-serie-a/2022/264?ref=botao,3,0
18/09/2022,19:00,Rodada 27,270,Athletico Paranaense,Cuiabá,2,2,Arena da Baixada,Curitiba,https://www.cbf.com.br/futebol-brasileiro/competicoes/campeonato-brasileiro-serie-a/2022/270?ref=botao,1,1
19/09/2022,20:00,Rodada 27,268,Atlético-GO,Internacional,1,2,Antônio Accioly,Goiania,https://www.cbf.com.br/futebol-brasileiro/competicoes/campeonato-brasileiro-serie-a/2022/268?ref=botao,0,3
25/09/2022,20:00,Rodada 28,273,São Paulo,Avaí,4,0,Morumbi,Sao Paulo,https://www.cbf.com.br/futebol-brasileiro/competicoes/campeonato-brasileiro-serie-a/2022/273?ref=botao,3,0
27/09/2022,21:00,Rodada 28,275,Santos,Athletico Paranaense,2,0,Vila Belmiro,Santos,https://www.cbf.com.br/futebol-brasileiro/competicoes/campeonato-brasileiro-serie-a/2022/275?ref=botao,3,0
28/09/2022,19:00,Rodada 28,280,Coritiba,Ceará,1,0,Couto Pereira,Curitiba,https://www.cbf.com.br/futebol-brasileiro/competicoes/campeonato-brasileiro-serie-a/2022/280?ref=botao,3,0
28/09/2022,19:00,Rodada 28,272,Fluminense,Juventude,4,0,Maracanã,Rio de Janeiro,https://www.cbf.com.br/futebol-brasileiro/competicoes/campeonato-brasileiro-serie-a/2022/272?ref=botao,3,0
28/09/2022,19:00,Rodada 28,274,Corinthians,Atlético-GO,2,1,Neo Química Arena,Sao Paulo,https://www.cbf.com.br/futebol-brasileiro/competicoes/campeonato-brasileiro-serie-a/2022/274?ref=botao,3,0
28/09/2022,19:00,Rodada 28,277,Fortaleza,Flamengo,3,2,Arena Castelão,Fortaleza,https://www.cbf.com.br/futebol-brasileiro/competicoes/campeonato-brasileiro-serie-a/2022/277?ref=botao,3,0
28/09/2022,21:00,Rodada 28,279,Cuiabá,América-MG,2,1,Arena Pantanal,Cuiaba,https://www.cbf.com.br/futebol-brasileiro/competicoes/campeonato-brasileiro-serie-a/2022/279?ref=botao,3,0
28/09/2022,21:45,Rodada 28,276,Internacional,Red Bull Bragantino,0,0,Beira-Rio,Porto Alegre,https://www.cbf.com.br/futebol-brasileiro/competicoes/campeonato-brasileiro-serie-a/2022/276?ref=botao,1,1
28/09/2022,21:45,Rodada 28,278,Goiás,Botafogo,0,1,Hailé Pinheiro,Goiania,https://www.cbf.com.br/futebol-brasileiro/competicoes/campeonato-brasileiro-serie-a/2022/278?ref=botao,0,3
28/09/2022,21:45,Rodada 28,271,Atlético Mineiro,Palmeiras,0,1,Mineirão,Belo Horizonte,https://www.cbf.com.br/futebol-brasileiro/competicoes/campeonato-brasileiro-serie-a/2022/271?ref=botao,0,3
01/10/2022,15:00,Rodada 29,281,Atlético Mineiro,Fluminense,2,0,Mineirão,Belo Horizonte,https://www.cbf.com.br/futebol-brasileiro/competicoes/campeonato-brasileiro-serie-a/2022/281?ref=botao,3,0
01/10/2022,15:00,Rodada 29,286,Internacional,Santos,1,0,Beira-Rio,Porto Alegre,https://www.cbf.com.br/futebol-brasileiro/competicoes/campeonato-brasileiro-serie-a/2022/286?ref=botao,3,0
01/10/2022,15:00,Rodada 29,287,Ceará,América-MG,1,2,Arena Castelão,Fortaleza,https://www.cbf.com.br/futebol-brasileiro/competicoes/campeonato-brasileiro-serie-a/2022/287?ref=botao,0,3
01/10/2022,19:00,Rodada 29,289,Avaí,Atlético-GO,1,2,Ressacada,Florianopolis,https://www.cbf.com.br/futebol-brasileiro/competicoes/campeonato-brasileiro-serie-a/2022/289?ref=botao,0,3
01/10/2022,19:00,Rodada 29,288,Goiás,Fortaleza,0,1,Hailé Pinheiro,Goiania,https://www.cbf.com.br/futebol-brasileiro/competicoes/campeonato-brasileiro-serie-a/2022/288?ref=botao,0,3
01/10/2022,19:00,Rodada 29,290,Athletico Paranaense,Juventude,2,0,Arena da Baixada,Curitiba,https://www.cbf.com.br/futebol-brasileiro/competicoes/campeonato-brasileiro-serie-a/2022/290?ref=botao,3,0
01/10/2022,19:00,Rodada 29,282,Flamengo,Red Bull Bragantino,4,1,Maracanã,Rio de Janeiro,https://www.cbf.com.br/futebol-brasileiro/competicoes/campeonato-brasileiro-serie-a/2022/282?ref=botao,3,0
01/10/2022,21:00,Rodada 29,284,Corinthians,Cuiabá,2,0,Neo Química Arena,Sao Paulo,https://www.cbf.com.br/futebol-brasileiro/competicoes/campeonato-brasileiro-serie-a/2022/284?ref=botao,3,0
03/10/2022,20:00,Rodada 29,285,Botafogo,Palmeiras,1,3,Nilton Santos,Rio de Janeiro,https://www.cbf.com.br/futebol-brasileiro/competicoes/campeonato-brasileiro-serie-a/2022/285?ref=botao,0,3
20/10/2022,20:00,Rodada 29,283,São Paulo,Coritiba,3,1,Morumbi,Sao Paulo,https://www.cbf.com.br/futebol-brasileiro/competicoes/campeonato-brasileiro-serie-a/2022/283?ref=botao,3,0
04/10/2022,21:30,Rodada 30,296,Juventude,Corinthians,2,2,Alfredo Jaconi,Caxias do Sul,https://www.cbf.com.br/futebol-brasileiro/competicoes/campeonato-brasileiro-serie-a/2022/296?ref=botao,1,1
05/10/2022,19:00,Rodada 30,293,Red Bull Bragantino,Cuiabá,2,1,Nabi Abi Chedid,Braganca Paulista,https://www.cbf.com.br/futebol-brasileiro/competicoes/campeonato-brasileiro-serie-a/2022/293?ref=botao,3,0
05/10/2022,19:00,Rodada 30,297,Ceará,Goiás,1,1,Arena Castelão,Fortaleza,https://www.cbf.com.br/futebol-brasileiro/competicoes/campeonato-brasileiro-serie-a/2022/297?ref=botao,1,1
05/10/2022,19:00,Rodada 30,298,Atlético-GO,Fluminense,3,2,Antônio Accioly,Goiania,https://www.cbf.com.br/futebol-brasileiro/competicoes/campeonato-brasileiro-serie-a/2022/298?ref=botao,3,0
05/10/2022,19:30,Rodada 30,300,Athletico Paranaense,Fortaleza,1,1,Arena da Baixada,Curitiba,https://www.cbf.com.br/futebol-brasileiro/competicoes/campeonato-brasileiro-serie-a/2022/300?ref=botao,1,1
05/10/2022,21:30,Rodada 30,292,Flamengo,Internacional,0,0,Maracanã,Rio de Janeiro,https://www.cbf.com.br/futebol-brasileiro/competicoes/campeonato-brasileiro-serie-a/2022/292?ref=botao,1,1
05/10/2022,21:30,Rodada 30,295,Santos,Atlético Mineiro,1,2,Vila Belmiro,Santos,https://www.cbf.com.br/futebol-brasileiro/competicoes/campeonato-brasileiro-serie-a/2022/295?ref=botao,0,3
06/10/2022,19:00,Rodada 30,294,Palmeiras,Coritiba,4,0,Allianz Parque,Sao Paulo,https://www.cbf.com.br/futebol-brasileiro/competicoes/campeonato-brasileiro-serie-a/2022/294?ref=botao,3,0
06/10/2022,20:00,Rodada 30,299,Avaí,Botafogo,1,2,Ressacada,Florianopolis,https://www.cbf.com.br/futebol-brasileiro/competicoes/campeonato-brasileiro-serie-a/2022/299?ref=botao,0,3
06/10/2022,20:00,Rodada 30,291,América-MG,São Paulo,1,2,Independência,Belo Horizonte,https://www.cbf.com.br/futebol-brasileiro/competicoes/campeonato-brasileiro-serie-a/2022/291?ref=botao,0,3
08/10/2022,19:00,Rodada 31,309,Cuiabá,Flamengo,1,2,Arena Pantanal,Cuiaba,https://www.cbf.com.br/futebol-brasileiro/competicoes/campeonato-brasileiro-serie-a/2022/309?ref=botao,0,3
08/10/2022,21:00,Rodada 31,304,Corinthians,Athletico Paranaense,2,1,Neo Química Arena,Sao Paulo,https://www.cbf.com.br/futebol-brasileiro/competicoes/campeonato-brasileiro-serie-a/2022/304?ref=botao,3,0
09/10/2022,11:00,Rodada 31,306,Internacional,Goiás,4,2,Beira-Rio,Porto Alegre,https://www.cbf.com.br/futebol-brasileiro/competicoes/campeonato-brasileiro-serie-a/2022/306?ref=botao,3,0
09/10/2022,16:00,Rodada 31,307,Fortaleza,Avaí,2,0,Arena Castelão,Fortaleza,https://www.cbf.com.br/futebol-brasileiro/competicoes/campeonato-brasileiro-serie-a/2022/307?ref=botao,3,0
09/10/2022,16:00,Rodada 31,303,São Paulo,Botafogo,0,1,Morumbi,Sao Paulo,https://www.cbf.com.br/futebol-brasileiro/competicoes/campeonato-brasileiro-serie-a/2022/303?ref=botao,0,3
09/10/2022,18:00,Rodada 31,310,Coritiba,Red Bull Bragantino,2,1,Couto Pereira,Curitiba,https://www.cbf.com.br/futebol-brasileiro/competicoes/campeonato-brasileiro-serie-a/2022/310?ref=botao,3,0
09/10/2022,18:00,Rodada 31,302,Fluminense,América-MG,0,2,Maracanã,Rio de Janeiro,https://www.cbf.com.br/futebol-brasileiro/competicoes/campeonato-brasileiro-serie-a/2022/302?ref=botao,0,3
09/10/2022,18:00,Rodada 31,301,Atlético Mineiro,Ceará,0,0,Mineirão,Belo Horizonte,https://www.cbf.com.br/futebol-brasileiro/competicoes/campeonato-brasileiro-serie-a/2022/301?ref=botao,1,1
10/10/2022,18:30,Rodada 31,308,Atlético-GO,Palmeiras,1,1,Antônio Accioly,Goiania,https://www.cbf.com.br/futebol-brasileiro/competicoes/campeonato-brasileiro-serie-a/2022/308?ref=botao,1,1
10/10/2022,20:00,Rodada 31,305,Santos,Juventude,4,1,Vila Belmiro,Santos,https://www.cbf.com.br/futebol-brasileiro/competicoes/campeonato-brasileiro-serie-a/2022/305?ref=botao,3,0
15/10/2022,20:30,Rodada 32,311,América-MG,Fortaleza,1,2,Independência,Belo Horizonte,https://www.cbf.com.br/futebol-brasileiro/competicoes/campeonato-brasileiro-serie-a/2022/311?ref=botao,0,3
15/10/2022,20:30,Rodada 32,312,Flamengo,Atlético Mineiro,1,0,Maracanã,Rio de Janeiro,https://www.cbf.com.br/futebol-brasileiro/competicoes/campeonato-brasileiro-serie-a/2022/312?ref=botao,3,0
16/10/2022,16:00,Rodada 32,314,Palmeiras,São Paulo,0,0,Allianz Parque,Sao Paulo,https://www.cbf.com.br/futebol-brasileiro/competicoes/campeonato-brasileiro-serie-a/2022/314?ref=botao,1,1
16/10/2022,16:00,Rodada 32,317,Ceará,Cuiabá,1,1,Arena Castelão,Fortaleza,https://www.cbf.com.br/futebol-brasileiro/competicoes/campeonato-brasileiro-serie-a/2022/317?ref=botao,1,1
16/10/2022,18:00,Rodada 32,315,Botafogo,Internacional,0,1,Nilton Santos,Rio de Janeiro,https://www.cbf.com.br/futebol-brasileiro/competicoes/campeonato-brasileiro-serie-a/2022/315?ref=botao,0,3
16/10/2022,18:00,Rodada 32,316,Juventude,Atlético-GO,1,1,Alfredo Jaconi,Caxias do Sul,https://www.cbf.com.br/futebol-brasileiro/competicoes/campeonato-brasileiro-serie-a/2022/316?ref=botao,1,1
16/10/2022,19:00,Rodada 32,320,Athletico Paranaense,Coritiba,1,0,Arena da Baixada,Curitiba,https://www.cbf.com.br/futebol-brasileiro/competicoes/campeonato-brasileiro-serie-a/2022/320?ref=botao,3,0
16/10/2022,19:00,Rodada 32,319,Avaí,Fluminense,0,3,Ressacada,Florianopolis,https://www.cbf.com.br/futebol-brasileiro/competicoes/campeonato-brasileiro-serie-a/2022/319?ref=botao,0,3
17/10/2022,20:00,Rodada 32,313,Red Bull Bragantino,Santos,0,2,Nabi Abi Chedid,Braganca Paulista,https://www.cbf.com.br/futebol-brasileiro/competicoes/campeonato-brasileiro-serie-a/2022/313?ref=botao,0,3
29/10/2022,19:30,Rodada 32,318,Goiás,Corinthians,0,0,Hailé Pinheiro,Goiania,https://www.cbf.com.br/futebol-brasileiro/competicoes/campeonato-brasileiro-serie-a/2022/318?ref=botao,1,1
22/10/2022,16:30,Rodada 33,323,Red Bull Bragantino,Athletico Paranaense,4,2,Nabi Abi Chedid,Braganca Paulista,https://www.cbf.com.br/futebol-brasileiro/competicoes/campeonato-brasileiro-serie-a/2022/323?ref=botao,3,0
22/10/2022,19:00,Rodada 33,321,América-MG,Flamengo,1,2,Independência,Belo Horizonte,https://www.cbf.com.br/futebol-brasileiro/competicoes/campeonato-brasileiro-serie-a/2022/321?ref=botao,0,3
22/10/2022,19:00,Rodada 33,325,Santos,Corinthians,0,1,Vila Belmiro,Santos,https://www.cbf.com.br/futebol-brasileiro/competicoes/campeonato-brasileiro-serie-a/2022/325?ref=botao,0,3
22/10/2022,21:00,Rodada 33,324,Palmeiras,Avaí,3,0,Allianz Parque,Sao Paulo,https://www.cbf.com.br/futebol-brasileiro/competicoes/campeonato-brasileiro-serie-a/2022/324?ref=botao,3,0
23/10/2022,16:00,Rodada 33,322,Fluminense,Botafogo,2,2,Maracanã,Rio de Janeiro,https://www.cbf.com.br/futebol-brasileiro/competicoes/campeonato-brasileiro-serie-a/2022/322?ref=botao,1,1
23/10/2022,16:00,Rodada 33,326,Juventude,São Paulo,1,2,Alfredo Jaconi,Caxias do Sul,https://www.cbf.com.br/futebol-brasileiro/competicoes/campeonato-brasileiro-serie-a/2022/326?ref=botao,0,3
23/10/2022,18:00,Rodada 33,328,Atlético-GO,Ceará,1,0,Antônio Accioly,Goiania,https://www.cbf.com.br/futebol-brasileiro/competicoes/campeonato-brasileiro-serie-a/2022/328?ref=botao,3,0
23/10/2022,18:00,Rodada 33,329,Cuiabá,Goiás,1,2,Arena Pantanal,Cuiaba,https://www.cbf.com.br/futebol-brasileiro/competicoes/campeonato-brasileiro-serie-a/2022/329?ref=botao,0,3
23/10/2022,18:00,Rodada 33,330,Coritiba,Internacional,1,1,Couto Pereira,Curitiba,https://www.cbf.com.br/futebol-brasileiro/competicoes/campeonato-brasileiro-serie-a/2022/330?ref=botao,1,1
24/10/2022,20:00,Rodada 33,327,Fortaleza,Atlético Mineiro,0,0,Arena Castelão,Fortaleza,https://www.cbf.com.br/futebol-brasileiro/competicoes/campeonato-brasileiro-serie-a/2022/327?ref=botao,1,1
25/10/2022,21:45,Rodada 34,340,Athletico Paranaense,Palmeiras,1,3,Arena da Baixada,Curitiba,https://www.cbf.com.br/futebol-brasileiro/competicoes/campeonato-brasileiro-serie-a/2022/340?ref=botao,0,3
25/10/2022,21:45,Rodada 34,332,Flamengo,Santos,3,2,Maracanã,Rio de Janeiro,https://www.cbf.com.br/futebol-brasileiro/competicoes/campeonato-brasileiro-serie-a/2022/332?ref=botao,3,0
26/10/2022,19:30,Rodada 34,335,Botafogo,Red Bull Bragantino,2,1,Nilton Santos,Rio de Janeiro,https://www.cbf.com.br/futebol-brasileiro/competicoes/campeonato-brasileiro-serie-a/2022/335?ref=botao,3,0
26/10/2022,21:45,Rodada 34,338,Goiás,América-MG,2,2,Hailé Pinheiro,Goiania,https://www.cbf.com.br/futebol-brasileiro/competicoes/campeonato-brasileiro-serie-a/2022/338?ref=botao,1,1
26/10/2022,21:45,Rodada 34,336,Internacional,Ceará,2,1,Beira-Rio,Porto Alegre,https://www.cbf.com.br/futebol-brasileiro/competicoes/campeonato-brasileiro-serie-a/2022/336?ref=botao,3,0
26/10/2022,21:45,Rodada 34,334,Corinthians,Fluminense,0,2,Neo Química Arena,Sao Paulo,https://www.cbf.com.br/futebol-brasileiro/competicoes/campeonato-brasileiro-serie-a/2022/334?ref=botao,0,3
27/10/2022,19:00,Rodada 34,337,Fortaleza,Coritiba,3,1,Arena Castelão,Fortaleza,https://www.cbf.com.br/futebol-brasileiro/competicoes/campeonato-brasileiro-serie-a/2022/337?ref=botao,3,0
27/10/2022,19:00,Rodada 34,333,São Paulo,Atlético-GO,2,1,Morumbi,Sao Paulo,https://www.cbf.com.br/futebol-brasileiro/competicoes/campeonato-brasileiro-serie-a/2022/333?ref=botao,3,0
27/10/2022,19:30,Rodada 34,331,Atlético Mineiro,Juventude,1,0,Mineirão,Belo Horizonte,https://www.cbf.com.br/futebol-brasileiro/competicoes/campeonato-brasileiro-serie-a/2022/331?ref=botao,3,0
27/10/2022,20:00,Rodada 34,339,Cuiabá,Avaí,1,0,Arena Pantanal,Cuiaba,https://www.cbf.com.br/futebol-brasileiro/competicoes/campeonato-brasileiro-serie-a/2022/339?ref=botao,3,0
31/10/2022,20:00,Rodada 35,347,Ceará,Fluminense,0,1,Arena Castelão,Fortaleza,https://www.cbf.com.br/futebol-brasileiro/competicoes/campeonato-brasileiro-serie-a/2022/347?ref=botao,0,3
01/11/2022,19:00,Rodada 35,345,Botafogo,Cuiabá,0,2,Nilton Santos,Rio de Janeiro,https://www.cbf.com.br/futebol-brasileiro/competicoes/campeonato-brasileiro-serie-a/2022/345?ref=botao,0,3
01/11/2022,21:30,Rodada 35,343,São Paulo,Atlético Mineiro,2,2,Morumbi,Sao Paulo,https://www.cbf.com.br/futebol-brasileiro/competicoes/campeonato-brasileiro-serie-a/2022/343?ref=botao,1,1
02/11/2022,16:00,Rodada 35,341,América-MG,Internacional,1,0,Independência,Belo Horizonte,https://www.cbf.com.br/futebol-brasileiro/competicoes/campeonato-brasileiro-serie-a/2022/341?ref=botao,3,0
02/11/2022,16:00,Rodada 35,350,Athletico Paranaense,Goiás,3,2,Arena da Baixada,Curitiba,https://www.cbf.com.br/futebol-brasileiro/competicoes/campeonato-brasileiro-serie-a/2022/350?ref=botao,3,0
02/11/2022,19:00,Rodada 35,349,Avaí,Red Bull Bragantino,1,2,Ressacada,Florianopolis,https://www.cbf.com.br/futebol-brasileiro/competicoes/campeonato-brasileiro-serie-a/2022/349?ref=botao,0,3
02/11/2022,19:00,Rodada 35,346,Juventude,Coritiba,0,1,Alfredo Jaconi,Caxias do Sul,https://www.cbf.com.br/futebol-brasileiro/competicoes/campeonato-brasileiro-serie-a/2022/346?ref=botao,0,3
02/11/2022,19:00,Rodada 35,348,Atlético-GO,Santos,2,3,Antônio Accioly,Goiania,https://www.cbf.com.br/futebol-brasileiro/competicoes/campeonato-brasileiro-serie-a/2022/348?ref=botao,0,3
02/11/2022,21:30,Rodada 35,344,Palmeiras,Fortaleza,4,0,Allianz Parque,Sao Paulo,https://www.cbf.com.br/futebol-brasileiro/competicoes/campeonato-brasileiro-serie-a/2022/344?ref=botao,3,0
02/11/2022,21:30,Rodada 35,342,Flamengo,Corinthians,1,2,Maracanã,Rio de Janeiro,https://www.cbf.com.br/futebol-brasileiro/competicoes/campeonato-brasileiro-serie-a/2022/342?ref=botao,0,3
05/11/2022,16:30,Rodada 36,355,Santos,Avaí,1,1,Arena Barueri,Barueri,https://www.cbf.com.br/futebol-brasileiro/competicoes/campeonato-brasileiro-serie-a/2022/355?ref=botao,1,1
05/11/2022,16:30,Rodada 36,352,Fluminense,São Paulo,3,1,Maracanã,Rio de Janeiro,https://www.cbf.com.br/futebol-brasileiro/competicoes/campeonato-brasileiro-serie-a/2022/352?ref=botao,3,0
05/11/2022,19:00,Rodada 36,358,Goiás,Juventude,1,0,Hailé Pinheiro,Goiania,https://www.cbf.com.br/futebol-brasileiro/competicoes/campeonato-brasileiro-serie-a/2022/358?ref=botao,3,0
05/11/2022,19:00,Rodada 36,353,Red Bull Bragantino,América-MG,1,4,Nabi Abi Chedid,Braganca Paulista,https://www.cbf.com.br/futebol-brasileiro/competicoes/campeonato-brasileiro-serie-a/2022/353?ref=botao,0,3
05/11/2022,20:30,Rodada 36,354,Corinthians,Ceará,1,0,Neo Química Arena,Sao Paulo,https://www.cbf.com.br/futebol-brasileiro/competicoes/campeonato-brasileiro-serie-a/2022/354?ref=botao,3,0
05/11/2022,21:00,Rodada 36,356,Internacional,Athletico Paranaense,2,0,Beira-Rio,Porto Alegre,https://www.cbf.com.br/futebol-brasileiro/competicoes/campeonato-brasileiro-serie-a/2022/356?ref=botao,3,0
06/11/2022,16:00,Rodada 36,357,Fortaleza,Atlético-GO,1,1,Arena Castelão,Fortaleza,https://www.cbf.com.br/futebol-brasileiro/competicoes/campeonato-brasileiro-serie-a/2022/357?ref=botao,1,1
06/11/2022,16:00,Rodada 36,360,Coritiba,Flamengo,1,0,Couto Pereira,Curitiba,https://www.cbf.com.br/futebol-brasileiro/competicoes/campeonato-brasileiro-serie-a/2022/360?ref=botao,3,0
06/11/2022,18:30,Rodada 36,359,Cuiabá,Palmeiras,1,1,Arena Pantanal,Cuiaba,https://www.cbf.com.br/futebol-brasileiro/competicoes/campeonato-brasileiro-serie-a/2022/359?ref=botao,1,1
07/11/2022,20:00,Rodada 36,351,Atlético Mineiro,Botafogo,0,2,Mineirão,Belo Horizonte,https://www.cbf.com.br/futebol-brasileiro/competicoes/campeonato-brasileiro-serie-a/2022/351?ref=botao,0,3
08/11/2022,21:30,Rodada 37,363,São Paulo,Internacional,0,1,Morumbi,Sao Paulo,https://www.cbf.com.br/futebol-brasileiro/competicoes/campeonato-brasileiro-serie-a/2022/363?ref=botao,0,3
09/11/2022,19:00,Rodada 37,370,Coritiba,Corinthians,2,2,Couto Pereira,Curitiba,https://www.cbf.com.br/futebol-brasileiro/competicoes/campeonato-brasileiro-serie-a/2022/370?ref=botao,1,1
09/11/2022,19:00,Rodada 37,362,Fluminense,Goiás,3,0,Maracanã,Rio de Janeiro,https://www.cbf.com.br/futebol-brasileiro/competicoes/campeonato-brasileiro-serie-a/2022/362?ref=botao,3,0
09/11/2022,19:00,Rodada 37,369,Avaí,Ceará,2,0,Ressacada,Florianopolis,https://www.cbf.com.br/futebol-brasileiro/competicoes/campeonato-brasileiro-serie-a/2022/369?ref=botao,3,0
09/11/2022,20:30,Rodada 37,367,Fortaleza,Red Bull Bragantino,6,0,Arena Castelão,Fortaleza,https://www.cbf.com.br/futebol-brasileiro/competicoes/campeonato-brasileiro-serie-a/2022/367?ref=botao,3,0
09/11/2022,21:30,Rodada 37,366,Juventude,Flamengo,2,2,Alfredo Jaconi,Caxias do Sul,https://www.cbf.com.br/futebol-brasileiro/competicoes/campeonato-brasileiro-serie-a/2022/366?ref=botao,1,1
09/11/2022,21:30,Rodada 37,368,Atlético-GO,Athletico Paranaense,1,1,Antônio Accioly,Goiania,https://www.cbf.com.br/futebol-brasileiro/competicoes/campeonato-brasileiro-serie-a/2022/368?ref=botao,1,1
09/11/2022,21:30,Rodada 37,364,Palmeiras,América-MG,2,1,Allianz Parque,Sao Paulo,https://www.cbf.com.br/futebol-brasileiro/competicoes/campeonato-brasileiro-serie-a/2022/364?ref=botao,3,0
10/11/2022,20:00,Rodada 37,365,Botafogo,Santos,3,0,Nilton Santos,Rio de Janeiro,https://www.cbf.com.br/futebol-brasileiro/competicoes/campeonato-brasileiro-serie-a/2022/365?ref=botao,3,0
10/11/2022,20:00,Rodada 37,361,Atlético Mineiro,Cuiabá,3,0,Mineirão,Belo Horizonte,https://www.cbf.com.br/futebol-brasileiro/competicoes/campeonato-brasileiro-serie-a/2022/361?ref=botao,3,0
12/11/2022,16:00,Rodada 38,372,Flamengo,Avaí,1,2,Maracanã,Rio de Janeiro,https://www.cbf.com.br/futebol-brasileiro/competicoes/campeonato-brasileiro-serie-a/2022/372?ref=botao,0,3
13/11/2022,16:00,Rodada 38,371,América-MG,Atlético-GO,1,1,Independência,Belo Horizonte,https://www.cbf.com.br/futebol-brasileiro/competicoes/campeonato-brasileiro-serie-a/2022/371?ref=botao,1,1
13/11/2022,16:00,Rodada 38,373,Red Bull Bragantino,Fluminense,0,1,Nabi Abi Chedid,Braganca Paulista,https://www.cbf.com.br/futebol-brasileiro/competicoes/campeonato-brasileiro-serie-a/2022/373?ref=botao,0,3
13/11/2022,16:00,Rodada 38,374,Corinthians,Atlético Mineiro,0,1,Neo Química Arena,Sao Paulo,https://www.cbf.com.br/futebol-brasileiro/competicoes/campeonato-brasileiro-serie-a/2022/374?ref=botao,0,3
13/11/2022,16:00,Rodada 38,375,Santos,Fortaleza,0,2,Vila Belmiro,Santos,https://www.cbf.com.br/futebol-brasileiro/competicoes/campeonato-brasileiro-serie-a/2022/375?ref=botao,0,3
13/11/2022,16:00,Rodada 38,376,Internacional,Palmeiras,3,0,Beira-Rio,Porto Alegre,https://www.cbf.com.br/futebol-brasileiro/competicoes/campeonato-brasileiro-serie-a/2022/376?ref=botao,3,0
13/11/2022,16:00,Rodada 38,377,Ceará,Juventude,4,1,Arena Castelão,Fortaleza,https://www.cbf.com.br/futebol-brasileiro/competicoes/campeonato-brasileiro-serie-a/2022/377?ref=botao,3,0
13/11/2022,16:00,Rodada 38,378,Goiás,São Paulo,0,4,Hailé Pinheiro,Goiania,https://www.cbf.com.br/futebol-brasileiro/competicoes/campeonato-brasileiro-serie-a/2022/378?ref=botao,0,3
13/11/2022,16:00,Rodada 38,379,Cuiabá,Coritiba,2,1,Arena Pantanal,Cuiaba,https://www.cbf.com.br/futebol-brasileiro/competicoes/campeonato-brasileiro-serie-a/2022/379?ref=botao,3,0
13/11/2022,16:00,Rodada 38,380,Athletico Paranaense,Botafogo,3,0,Arena da Baixada,Curitiba,https://www.cbf.com.br/futebol-brasileiro/competicoes/campeonato-brasileiro-serie-a/2022/380?ref=botao,3,0
